#{"t_start": 1624582655.764554, "env_id": null}
r,l,t
2.875193,9,28.558685
2.007747,7,29.1455
1.598288,5,29.581563
2.10436,8,30.225693
1.315556,4,30.590793
1.500333,5,31.019153
1.472996,6,31.499358
3.403996,9,32.226278
4.291236,10,33.03697
2.915138,7,33.586346
3.87883,9,34.315664
3.880258,9,35.043524
1.648385,6,35.549443
1.862533,6,36.103793
3.062532,7,36.686426
2.559063,6,37.20848
3.676689,9,37.935894
5.21297,12,38.855722
4.85119,10,39.67375
2.861014,7,40.292623
1.274258,4,40.670934
1.699637,6,41.138661
3.115973,8,41.777964
6.839716,13,42.740566
2.240319,5,43.17917
2.671423,6,43.737293
3.33772,8,44.392306
2.069696,7,44.995488
5.441765,10,45.738224
2.257088,6,46.259545
4.045808,9,46.940683
4.121178,10,47.74353
9.293394,16,48.920865
3.391163,7,49.444459
3.845734,9,50.136652
1.60363,5,50.562526
1.896745,7,51.101487
7.97609,16,52.332983
3.407109,9,53.043549
1.61681,6,53.58599
1.467073,5,54.013593
3.658815,7,54.577171
4.939223,9,55.265551
2.31999,8,55.926678
1.78684,6,56.426586
2.146697,4,56.803601
4.652444,11,57.67539
1.538853,5,58.137767
1.375464,5,58.543619
2.645529,7,59.136858
2.754181,6,59.624978
1.645252,7,60.204445
8.032748,14,61.270684
3.065226,9,61.957932
1.83469,5,62.41745
7.267876,14,63.476248
1.896312,6,64.014838
3.388867,7,64.618915
1.717051,6,65.140502
1.523742,6,65.701968
1.386876,5,66.145386
4.831043,9,66.874097
2.778673,7,67.468368
2.957637,8,68.103938
1.858922,6,68.624003
2.433244,6,69.116878
3.050433,9,69.847444
4.044869,9,70.559289
4.405264,10,71.374425
1.969645,7,71.985181
3.843473,10,72.779271
4.763924,9,73.568557
2.147199,6,74.068051
1.835764,6,74.583385
3.182424,7,75.204625
2.740929,7,75.803561
4.802504,11,76.657432
1.782764,6,77.219361
3.064015,8,77.897678
2.95695,7,78.507288
3.459562,9,79.214595
5.252699,11,80.06965
3.18211,10,80.86694
2.640386,7,81.484585
2.843715,6,82.00071
1.628083,5,82.45233
3.173978,8,83.090172
3.519624,9,83.836287
2.196045,8,84.467219
2.99833,8,85.130085
4.960578,11,85.977767
4.483171,11,86.82959
8.179963,14,87.912724
2.390273,6,88.451301
1.660663,5,88.863515
2.50571,7,89.420146
3.377117,6,89.918041
5.152685,9,90.627509
3.796712,12,91.596339
1.488642,5,92.085684
3.818071,11,92.968821
2.170469,7,93.519434
4.604758,10,94.306048
3.742728,10,95.135457
4.037569,7,95.72966
6.079091,11,96.563892
7.266099,12,97.584019
1.656103,6,98.124214
3.140306,8,98.747467
2.203575,8,99.432661
1.704854,6,99.950232
3.721007,8,100.616488
1.374653,5,101.06452
4.076827,9,101.87945
2.073239,7,102.503102
3.546765,8,103.150753
3.877984,9,103.916088
2.001692,6,104.38946
1.375063,4,104.788118
1.660953,6,105.288327
2.546659,6,105.821603
2.55508,8,106.506206
2.069724,6,107.035042
1.95641,5,107.451951
10.39426,17,108.779409
2.197398,6,109.332007
1.4796,5,109.773204
2.21828,7,110.333868
5.568237,10,111.083691
2.613855,8,111.769599
2.670273,6,112.276829
1.964864,6,112.815152
3.519869,9,113.538616
5.027452,10,114.333866
5.409626,11,115.256459
1.4077,5,115.688174
1.408821,5,116.149315
2.1117,8,116.799638
3.730966,11,117.683157
2.6404,6,118.165798
4.021032,9,118.882583
2.57589,9,119.615687
2.717859,9,120.348896
1.514837,6,120.83237
2.480751,8,121.465694
6.789921,13,122.488783
4.09027,9,123.282274
1.64693,5,123.783507
2.058517,5,124.232616
1.126294,3,124.550789
1.555407,5,124.985357
1.654076,6,125.500892
2.917792,7,126.02388
3.687931,9,126.738823
3.425233,9,127.47338
1.563182,6,128.033806
1.432758,4,128.421754
1.495157,5,128.886033
1.47697,5,129.338159
2.796337,7,129.992374
2.088118,6,130.549368
1.372479,4,130.917181
4.998858,13,131.954138
2.483688,6,132.465016
4.149989,8,133.183407
2.188185,6,133.700411
6.899529,12,134.665608
2.32412,6,135.234544
3.34724,8,135.897617
2.094426,8,136.571495
4.541097,9,137.332472
2.742449,8,138.001122
1.675046,6,138.517775
1.465244,5,138.964945
6.117922,14,140.094862
1.543679,6,140.604736
2.996583,7,141.201166
1.489662,5,141.63411
4.041753,11,142.517658
1.919117,7,143.120776
3.350062,8,143.772605
2.850201,8,144.497687
1.385952,5,144.948518
7.69348,13,146.014857
2.008822,7,146.557709
1.938081,6,147.108635
4.01029,10,147.9502
1.740621,6,148.498164
3.973173,8,149.20153
5.517885,11,150.050922
1.680865,5,150.467062
4.339756,9,151.230915
2.052276,6,151.737849
1.227478,4,152.126714
1.531749,6,152.706055
5.68259,10,153.533997
1.675247,6,154.05577
2.425798,6,154.650243
4.226553,8,155.414305
4.107336,10,156.215625
1.864498,6,156.724749
2.370646,5,157.198655
1.477283,5,157.632816
2.997642,7,158.270516
2.738371,7,158.848097
2.399059,7,159.436999
4.457521,11,160.34811
3.906761,9,161.082977
2.74609,9,161.76308
2.812858,6,162.282027
1.340945,4,162.655596
6.110495,12,163.598881
3.873805,8,164.281832
3.785201,10,165.114089
2.621161,6,165.649263
2.398258,6,166.154533
1.904628,7,166.76589
9.775257,15,167.971853
3.090762,7,168.615061
2.344607,6,169.121402
2.789276,7,169.748919
2.412017,7,170.315397
1.766016,6,170.849577
3.385099,8,171.499754
3.337448,8,172.182259
2.745232,7,172.716279
1.453686,5,173.170101
2.269241,5,173.63328
2.129994,7,174.205281
1.209833,4,174.597509
2.87225,8,175.231747
1.480701,5,175.65979
6.385701,11,176.597619
1.16231,3,176.887007
2.149091,7,177.491066
1.419571,5,177.964819
2.506629,6,178.490335
2.45043,7,179.047663
3.702189,10,179.845703
1.415081,5,180.299207
3.338135,8,180.978944
2.126938,7,181.547471
4.758776,12,182.449124
2.84382,6,182.948839
2.849815,7,183.518835
1.740109,6,184.016823
1.276551,4,184.42984
4.431102,10,185.215402
2.239688,8,185.847343
3.490266,8,186.479988
3.215963,9,187.181125
2.505931,6,187.729651
3.823298,9,188.44927
1.803057,7,189.030227
1.779118,6,189.585927
1.89113,5,189.996438
5.313511,10,190.810881
2.600789,8,191.468181
4.288944,9,192.235776
1.794987,7,192.795803
3.998924,10,193.607559
5.644053,13,194.680278
14.522454,27,196.783875
2.058242,7,197.398623
3.30496,9,198.132407
67.041896,102,206.883967
2.508167,8,207.578226
2.516382,6,208.112052
3.544568,8,208.846447
3.35717,9,209.620746
2.907973,9,210.39616
4.336898,10,211.229358
6.1399,10,212.082464
2.525867,7,212.713294
1.793935,6,213.230795
2.690484,6,213.77966
1.930763,7,214.380837
1.508761,5,214.84762
3.826354,10,215.695328
3.444635,7,216.328932
1.814601,6,216.863297
1.434686,5,217.331404
1.550746,6,217.885401
1.645221,5,218.369939
2.776711,9,219.162717
5.397668,12,220.11887
1.434226,5,220.564248
8.138853,17,221.967244
1.85236,6,222.453359
2.060044,7,223.01447
2.845047,8,223.706928
1.208433,4,224.097869
3.198509,9,224.847988
8.348025,12,225.86337
3.31867,7,226.433933
1.910735,7,226.980885
3.882334,8,227.644491
3.093635,7,228.223067
3.608635,8,228.852355
2.201994,6,229.36135
3.13346,9,230.180236
4.79526,9,230.977719
1.793629,6,231.463609
3.149007,9,232.213669
3.208421,9,232.981039
6.45549,11,233.894874
3.611099,8,234.579638
2.167905,7,235.231341
1.321479,4,235.64547
4.640079,10,236.49653
2.429068,6,237.054129
5.549939,12,238.079057
1.591229,6,238.6012
1.387435,6,239.110927
2.686343,7,239.696166
2.447353,8,240.390764
2.060269,7,240.996026
4.839621,10,241.828146
3.022674,8,242.512665
1.351891,5,242.965597
9.390871,19,244.413527
4.11806,9,245.195022
1.572138,5,245.634296
2.122591,7,246.296455
2.263956,8,246.993111
5.907297,12,247.979502
2.003411,8,248.685654
2.270164,7,249.296491
4.225061,10,250.157234
2.183635,6,250.663526
1.636984,6,251.227286
6.09368,14,252.318849
5.37769,10,253.222238
3.366484,9,253.962273
2.553364,7,254.539553
4.063149,8,255.227886
3.148617,8,255.894017
2.370213,7,256.54548
3.469317,9,257.344538
4.267841,11,258.216919
1.74365,7,258.849487
2.021436,6,259.36943
2.593691,7,260.02016
7.481718,13,261.119444
3.844882,8,261.828542
1.72704,5,262.285069
2.15393,6,262.877035
4.104548,9,263.626248
1.868751,7,264.263381
1.932318,5,264.728224
2.424403,6,265.276577
1.564874,6,265.829425
3.886255,10,266.694535
2.706589,8,267.393498
1.61615,5,267.827987
5.684368,12,268.810093
1.676458,5,269.230255
4.143053,10,270.025839
1.851161,7,270.610937
1.305561,4,271.009173
3.429114,9,271.726059
1.851713,6,272.237972
2.412581,7,272.842679
3.755871,9,273.593146
4.647052,12,274.577701
1.922939,7,275.20003
2.059945,7,275.844894
7.629437,14,277.029488
1.472189,5,277.494946
2.431426,5,277.947219
3.131451,7,278.51501
2.70516,7,279.093802
9.374829,14,280.215885
3.367541,8,280.86835
3.752386,10,281.694431
2.661564,6,282.225029
1.766754,6,282.808627
4.380394,9,283.591619
4.796966,11,284.461028
2.292863,8,285.144001
1.640141,7,285.743449
2.817771,8,286.444321
3.615641,9,287.230784
3.294791,8,287.899331
9.480913,23,289.743765
2.907528,6,290.261806
1.74928,7,290.842496
2.680601,6,291.359849
5.162804,10,292.14905
2.322168,6,292.640552
5.388032,10,293.461999
1.797311,7,294.060924
3.953815,9,294.761508
1.867242,5,295.209013
4.535082,9,295.941772
5.145111,11,296.828248
4.041278,11,297.764558
3.050195,8,298.431812
5.207826,11,299.38786
1.245616,3,299.75138
1.315797,5,300.193307
3.37176,9,300.933258
3.518955,8,301.694597
1.644636,6,302.208054
5.230986,10,303.008616
1.333205,4,303.358849
1.72723,6,303.884519
3.861812,8,304.58712
4.0435,9,305.316954
4.395294,10,306.106543
4.467817,10,306.90854
3.115625,7,307.544658
9.17149,15,308.743351
5.939696,10,309.564723
3.902571,8,310.249209
2.098621,8,310.957515
3.094042,9,311.676393
6.093051,12,312.627944
8.173499,18,314.093447
4.842809,10,314.906826
1.772543,5,315.409165
4.728296,9,316.173958
2.40924,6,316.691704
4.555075,10,317.508153
3.891942,10,318.401628
13.594349,21,320.194391
5.209205,10,321.019341
3.58735,8,321.726181
2.948884,8,322.415357
2.021653,8,323.107128
7.629851,16,324.375039
4.319216,10,325.277154
2.336763,6,325.823533
1.773434,5,326.258596
4.353018,11,327.174105
1.760611,5,327.676857
3.323201,7,328.328627
2.803829,7,329.008598
4.33606,9,329.787111
3.327489,9,330.557736
2.428845,8,331.220135
3.843213,9,332.024103
1.455686,5,332.475111
5.62464,12,333.497438
1.156718,3,333.858572
6.389411,10,334.73296
1.88764,6,335.290841
3.183543,8,335.992922
3.552252,8,336.758992
1.510929,5,337.184037
2.464483,8,337.873795
2.597996,7,338.518977
4.566497,10,339.286018
6.326581,13,340.363946
4.550734,9,341.141261
2.484088,8,341.792967
5.51825,12,342.782557
1.221814,4,343.207752
4.889005,9,344.024235
2.074048,6,344.54177
4.495633,11,345.418528
5.276511,12,346.393519
4.930476,9,347.143075
1.285669,5,347.625795
2.421304,6,348.161122
3.593144,9,348.892892
1.963452,7,349.493556
4.313896,10,350.35847
2.35898,8,351.014608
2.399542,5,351.489771
1.860178,7,352.106233
2.926044,9,352.857887
1.352073,4,353.224558
1.748182,7,353.804212
4.577979,9,354.552434
4.22551,8,355.308538
3.051025,9,356.090115
1.649949,4,356.474722
1.752535,6,356.969862
1.402595,5,357.447819
2.647428,6,358.014439
1.984253,6,358.539508
5.244461,10,359.390845
2.704517,7,359.997998
4.82364,10,360.844162
1.175032,3,361.141836
2.059957,7,361.759815
3.642675,10,362.589452
2.073111,7,363.1425
2.583094,8,363.80665
2.12812,6,364.341281
5.506818,12,365.285606
5.417083,10,366.080644
4.65627,9,366.8729
5.618846,11,367.756303
2.975488,7,368.339061
4.970694,12,369.357785
2.924496,9,370.155016
2.158114,6,370.690778
1.990155,5,371.1728
2.232245,7,371.712631
5.996243,12,372.740166
4.619943,9,373.496631
1.127995,3,374.645985
3.762034,10,375.46198
2.235034,7,376.056498
5.272822,11,377.008006
6.661196,12,378.006006
1.386238,5,378.495252
1.417751,5,378.99162
2.500571,7,379.578077
1.710249,7,380.211633
1.874808,7,380.804599
1.340415,5,381.269043
4.648332,9,382.022389
2.495659,8,382.72266
5.272712,13,383.774832
1.613378,6,384.321115
2.83441,7,384.940325
3.093753,8,385.614968
7.225145,18,387.107615
6.554163,17,388.471922
1.626311,5,388.956875
2.14883,7,389.591982
1.406955,4,389.988654
2.899431,8,390.658245
1.57447,6,391.178916
4.798129,9,391.938291
2.954308,9,392.664948
6.718208,12,393.676346
2.788695,8,394.341666
6.774811,12,395.322385
2.498021,7,395.923915
2.98505,11,396.823386
1.738222,5,397.328082
3.942798,8,397.979679
1.259177,4,398.371186
3.822444,10,399.207344
1.463084,4,399.62162
4.359929,10,400.528147
5.253276,12,401.540907
4.106924,9,402.290133
3.596533,9,403.041048
1.609568,6,403.578239
3.616916,9,404.304441
2.866242,7,404.888508
3.81478,8,405.562446
1.794556,7,406.173858
3.281749,9,406.963155
2.806837,8,407.587184
5.471668,11,408.468333
4.188183,11,409.431292
1.346818,5,409.96171
1.35835,5,410.47288
2.961392,10,411.306394
1.80364,5,411.807411
2.077357,7,412.440013
1.787246,5,412.906063
3.441107,7,413.505621
2.375301,7,414.103382
2.681673,7,414.706826
2.695556,9,415.438239
3.699114,8,416.106187
2.22503,7,416.745334
2.335516,6,417.277439
3.272147,11,418.186312
1.625446,6,418.729455
3.262314,9,419.520806
2.049169,6,420.036896
2.97314,6,420.545644
2.936679,8,421.23893
1.158674,3,421.520395
6.841972,10,422.362062
2.458657,7,422.98592
3.922879,10,423.803965
4.003997,10,424.639487
4.279576,12,425.56212
3.387882,9,426.339021
2.002073,8,427.039376
5.1455,10,427.904471
1.973207,6,428.453655
1.871491,5,428.971708
4.326934,10,429.806324
4.02398,8,430.453366
3.247823,9,431.185748
3.069195,8,431.905142
4.035746,9,432.64348
1.649487,6,433.170463
1.788163,6,433.70568
1.756473,6,434.236859
3.019179,7,434.820993
5.914445,12,435.889961
1.737675,7,436.489148
3.279751,6,437.040735
1.312881,4,437.472517
5.211588,12,438.437943
1.987827,7,439.02653
1.637546,6,439.577174
1.710426,7,440.21903
2.905011,8,440.843657
1.713106,6,441.369417
1.225607,4,441.770035
2.037952,5,442.185891
1.628606,6,442.699116
4.126863,10,443.552606
2.449107,7,444.104928
4.208781,10,444.902219
1.39855,4,445.282387
7.432246,13,446.303074
2.846016,7,446.904604
5.069142,9,447.626253
2.819003,7,448.318348
3.204903,8,448.986289
2.153775,6,449.505171
2.546333,7,450.094871
1.620903,6,450.602591
5.849295,13,451.659102
4.615909,12,452.551774
2.304802,5,453.042005
1.323196,5,453.502981
4.46856,8,454.169852
3.507239,7,454.787212
6.998867,13,455.821325
1.332174,4,456.192573
4.178634,10,457.031917
5.013911,12,458.035455
3.281758,8,458.738728
4.094995,9,459.539079
1.631039,6,460.060361
1.621164,6,460.634747
5.985531,11,461.502341
2.51868,6,462.051749
2.640294,8,462.710467
1.710893,7,463.354604
1.912679,7,463.93767
1.527869,5,464.381555
1.652419,5,464.876304
5.271138,9,465.703274
8.629342,14,466.804654
3.954321,9,467.601507
2.543497,9,468.387235
2.938739,8,469.071946
3.091471,8,469.772405
1.732409,6,470.327744
1.977939,6,470.854375
7.883316,12,471.803821
2.828318,8,472.487454
4.104426,10,473.320961
6.971617,12,474.324862
3.878381,10,475.135735
1.676404,7,475.771768
3.005036,8,476.4852
1.289748,4,476.844072
2.86474,8,477.585224
12.145759,23,479.44103
1.613611,5,479.944477
2.61809,7,480.636551
1.895992,7,481.218824
9.625915,18,482.69371
4.028181,9,483.451945
2.543353,6,484.002082
1.250318,4,484.452282
2.548383,6,484.983643
1.708403,6,485.550713
1.272703,4,485.951576
1.470537,5,486.37351
1.577119,5,486.867792
4.08067,9,487.703255
3.08631,8,488.386574
4.844795,11,489.237942
3.083368,8,489.918608
3.588094,10,490.750082
1.482792,5,491.272332
1.678422,6,491.820656
2.390987,6,492.375249
5.947565,11,493.288171
2.33806,6,493.868394
2.763449,7,494.480317
1.577117,6,495.004278
2.641335,8,495.668399
2.262783,7,496.269629
4.183617,11,497.168023
1.66067,6,497.692606
2.22816,6,498.226196
2.001906,7,498.853051
5.853049,14,499.987882
1.918019,6,500.525635
4.714305,10,501.408257
3.793876,10,502.266888
4.039406,8,503.034918
1.628432,6,503.600313
5.553333,10,504.471439
6.681346,13,505.568333
3.264712,7,506.218561
2.227107,7,506.85305
4.819132,10,507.669025
2.623473,6,508.185911
4.694755,10,509.051268
1.927499,6,509.589491
2.29045,8,510.270005
2.345243,8,510.95119
2.856338,7,511.568005
6.065495,11,512.485003
1.848768,8,513.203833
2.1578,7,513.819301
2.498719,7,514.384717
3.19136,6,514.917768
5.206812,12,515.923387
6.590883,12,516.986465
3.810482,10,517.852506
7.420229,12,518.802609
3.846031,7,519.40361
1.922132,6,519.932576
3.455625,8,520.619205
4.097689,11,521.498645
1.736851,5,522.017085
6.042674,11,522.90747
1.239023,3,523.250687
3.058477,8,523.920511
9.967596,16,525.216304
4.602575,12,526.250738
6.897175,13,527.276237
2.428514,6,527.850185
3.881529,10,528.689595
3.100333,6,529.183276
3.867316,8,529.884396
3.437325,7,530.483983
2.076378,7,531.134063
7.678778,13,532.218439
3.067557,9,533.002101
3.402575,7,533.615319
5.209042,10,534.45822
1.336913,4,534.883337
4.338432,10,535.749949
3.989624,8,536.433657
1.920564,7,537.051385
4.479936,11,537.968916
3.049971,8,538.6671
2.419943,6,539.182948
1.435275,5,539.621743
3.467783,8,540.300138
1.561051,6,540.819308
3.383659,12,541.86773
5.045265,12,542.868124
3.977972,10,543.678449
2.679971,7,544.305933
3.121102,8,544.964713
6.97285,14,546.17358
2.072381,7,546.785198
5.326469,11,547.717159
3.629628,8,548.406549
1.843525,5,548.910051
1.503324,6,549.500806
2.704204,7,550.124649
60.506162,102,559.120642
3.437741,9,559.967261
7.60327,14,561.19959
7.19595,13,562.314657
2.629162,7,562.969771
1.841713,7,563.600708
1.370572,4,563.997258
3.34748,9,564.798022
3.548925,9,565.583128
2.659673,9,566.352379
2.957625,8,567.103469
3.681945,8,567.800065
2.134714,6,568.417822
6.192549,14,569.631534
2.76637,8,570.265289
3.990082,7,570.822148
2.02235,6,571.368206
2.281571,7,571.965071
3.435711,8,572.634031
14.373721,22,574.503535
3.38414,9,575.323212
2.026644,7,575.963702
2.716969,7,576.497448
1.746005,6,577.031138
4.959289,12,578.014174
6.168042,14,579.102271
5.76197,11,580.048025
2.692799,8,580.75256
1.870356,5,581.204395
1.890346,6,581.748496
6.803716,13,582.752504
1.707121,6,583.327942
3.649859,11,584.230671
2.555382,8,584.914321
2.602412,7,585.496955
4.583322,11,586.365054
3.448562,10,587.215538
2.527416,7,587.832981
1.609039,6,588.403626
6.353929,12,589.433144
1.464986,5,589.896303
2.755789,9,590.600559
3.559968,10,591.465895
4.466743,11,592.331719
5.03017,11,593.246475
1.399841,5,593.732605
4.149792,11,594.613919
4.488733,12,595.553645
7.332911,13,596.56628
1.365512,4,597.013868
1.546337,5,597.466038
3.375213,7,598.079584
1.376029,4,598.465221
8.639926,18,599.837213
2.56852,7,600.569654
1.254154,4,600.964178
1.446987,5,601.379561
2.935716,7,602.000125
4.308568,10,602.878905
3.782465,9,603.679681
3.009564,7,604.275786
4.029787,10,605.083052
3.390303,8,605.752471
5.070974,10,606.564422
1.214709,4,606.947665
5.593174,13,607.988219
6.989086,14,609.045288
2.010407,8,609.732482
6.744605,14,610.832525
6.458551,13,611.953614
1.668041,5,612.415403
1.78919,7,612.980008
3.10476,9,613.735898
3.359423,8,614.43984
3.434562,10,615.339326
2.609863,7,615.946972
6.804542,14,617.146097
3.708835,8,617.80454
5.011763,10,618.57992
3.31469,10,619.347245
1.701922,6,619.829416
3.773097,11,620.675695
6.061332,15,621.968114
2.77882,7,622.598136
13.010446,22,624.355127
7.054701,13,625.435881
2.858962,9,626.174784
3.419166,9,626.962717
5.548673,12,627.965996
1.595508,6,628.547167
3.672901,9,629.330377
3.018196,8,630.078902
2.250745,6,630.630566
2.124955,7,631.261964
1.390816,5,631.702647
1.719762,7,632.319533
1.694225,6,632.896916
4.308047,10,633.763225
4.86957,10,634.611976
4.285618,10,635.447395
7.12882,13,636.496598
4.187642,6,637.03117
1.923894,6,637.570328
3.239611,10,638.463371
7.154817,12,639.450752
2.256418,7,640.096977
2.841234,7,640.697435
1.240856,4,641.056654
2.628993,6,641.569352
3.628011,8,642.29687
3.06846,7,642.897409
3.671779,7,643.49504
3.538884,8,644.162566
2.58159,7,644.76357
2.046557,6,645.304097
2.197427,9,646.027937
1.623975,6,646.553647
2.213891,7,647.161322
1.792005,6,647.661418
4.727071,10,648.515792
2.500947,7,649.160849
3.39026,8,649.846475
2.126261,6,650.445522
2.208435,5,650.911673
2.876924,7,651.480576
6.48904,11,652.486611
2.841963,7,653.110997
9.288199,17,654.445004
3.350861,10,655.280581
2.4447,7,655.862084
4.633775,11,656.787369
2.591011,8,657.462889
4.338021,8,658.211655
2.314347,8,658.852971
3.262974,9,659.644119
4.024685,15,660.918561
1.61971,6,661.477191
7.442138,14,662.661733
4.757135,11,663.547637
5.25673,13,664.652351
2.694474,8,665.377878
5.563464,11,666.31294
2.369539,8,666.998766
4.453005,12,667.995928
3.937272,9,668.779432
4.512771,9,669.561752
3.489523,10,670.417252
2.706172,7,671.010101
1.811185,6,671.551818
3.493912,10,672.399747
1.472488,5,672.896284
4.30744,9,673.678688
5.314841,12,674.720268
4.045541,10,675.545671
3.095383,9,676.328789
3.485672,10,677.163336
4.236414,11,678.096649
4.48646,9,678.859638
3.895377,11,679.739892
5.879511,10,680.615846
2.747777,10,681.442374
1.482661,5,681.87901
7.541763,14,683.051057
3.337967,8,683.745608
2.933799,6,684.276158
3.122136,8,684.944049
2.679716,7,685.561587
3.779467,10,686.392558
3.200757,8,687.036721
1.386599,5,687.4957
7.20412,15,688.717054
1.486982,5,689.187695
1.74952,6,689.705788
2.31795,7,690.343395
8.367978,17,691.784311
6.689886,13,692.875762
4.813569,12,693.794458
5.373927,11,694.744152
1.666429,6,695.296157
3.121528,8,696.011689
6.077874,12,697.050503
8.285664,18,698.51573
2.463063,6,699.066316
3.418662,11,699.995491
3.135317,7,700.614056
1.635947,6,701.164425
1.796122,6,701.711453
1.443813,5,702.143324
3.59594,9,702.87523
3.608384,10,703.715654
2.880732,8,704.452574
2.803502,8,705.160384
1.956448,6,705.710345
8.851252,16,707.094907
1.920283,6,707.65041
1.956978,6,708.208921
1.253826,3,708.54405
1.474665,5,709.010457
2.334002,6,709.516488
9.948648,17,710.924383
2.167624,7,711.494321
2.497379,6,712.011591
3.652967,10,712.844983
1.526606,6,713.409635
2.444538,7,714.025708
2.716384,9,714.726882
2.696607,8,715.378846
1.214366,4,715.774941
1.267313,4,716.161186
5.835931,11,717.081321
2.59964,9,717.794948
10.423744,18,719.249201
1.681716,6,719.781436
4.423793,10,720.582645
3.326781,8,721.293919
2.516945,8,721.960873
3.14914,6,722.576891
2.434379,8,723.262849
2.108756,7,723.874655
3.607315,9,724.614239
3.909617,9,725.384421
68.483694,102,734.37492
3.019855,9,735.15976
1.748547,6,735.716851
2.212269,6,736.309189
3.233482,8,737.059353
2.090417,8,737.793415
1.808475,7,738.426001
1.980741,7,739.074573
2.169874,8,739.775608
1.346069,5,740.291317
5.626037,12,741.240256
2.483443,8,741.940033
2.019744,7,742.575436
4.662027,10,743.459213
2.786988,9,744.310113
2.795503,8,745.024917
3.380052,10,745.90812
5.289224,10,746.727094
5.569067,11,747.707835
6.22901,10,748.549009
1.420262,5,748.994058
1.510916,5,749.44416
2.582105,7,750.056286
7.766122,15,751.190739
2.212074,8,751.858475
1.569012,6,752.378455
8.201435,16,753.657574
2.609421,7,754.259015
2.868711,5,754.741955
3.598325,9,755.541692
2.422907,9,756.276231
2.905547,10,757.146217
3.542406,9,757.922954
1.962303,7,758.531381
2.842539,8,759.235675
2.064051,6,759.846422
4.252246,8,760.575228
3.52237,9,761.395823
2.326496,8,762.039594
5.104371,13,763.142489
2.809414,8,763.819746
5.931534,13,764.957158
3.207146,11,765.859342
1.645722,5,766.389767
1.846017,6,766.957459
1.817175,6,767.532731
11.232731,22,769.309606
3.317517,6,769.840246
3.195482,8,770.561543
4.119132,13,771.66683
12.00414,22,773.474102
3.439419,7,774.069047
7.545582,12,775.077433
9.844764,18,776.575598
9.793965,15,777.807517
2.732994,8,778.540965
3.343542,9,779.264623
3.169004,9,780.077629
7.157937,14,781.24184
3.760728,12,782.313483
1.948045,8,783.039211
2.480265,8,783.756734
7.894626,12,784.793652
3.583253,8,785.526245
3.809357,8,786.247456
1.872031,7,786.873012
4.831803,10,787.647642
11.718985,19,789.139714
2.258636,8,789.786763
8.997966,18,791.191586
1.81175,6,791.740239
3.619436,10,792.565613
6.134149,15,793.80692
3.024077,9,794.626606
5.321948,12,795.725648
3.195738,9,796.440114
3.184961,9,797.155807
2.454035,8,797.855839
2.345462,4,798.260042
4.775628,10,799.157489
2.57804,6,799.723831
5.288758,9,800.48142
6.007142,11,801.474482
7.66828,17,802.904671
4.013564,9,803.64075
6.120706,15,804.871396
5.528689,12,805.822135
2.991856,7,806.360748
1.708768,6,806.880173
5.346215,11,807.772207
11.477643,18,809.237293
7.608473,15,810.424425
3.461595,10,811.312385
1.326904,4,811.713765
1.496251,5,812.205833
2.038217,7,812.822676
4.572533,12,813.862468
6.349,13,814.991878
5.58341,10,815.81233
1.206814,3,816.104481
2.247148,6,816.623573
2.136842,8,817.256876
10.111983,20,818.854541
3.916729,10,819.70438
3.910816,12,820.621255
8.65211,17,821.888414
3.818365,8,822.538363
4.422971,11,823.421043
4.500423,11,824.215859
4.361239,8,824.903756
7.7557,16,826.302736
1.584623,6,826.810128
2.341915,7,827.405305
9.401324,23,829.266775
4.815122,10,830.086629
4.065318,9,830.79467
3.88389,11,831.720836
4.921125,11,832.610025
2.647125,8,833.276532
3.067661,9,834.055836
4.124038,9,834.904903
3.379411,9,835.692741
1.836641,6,836.205889
1.721255,6,836.754033
3.000466,6,837.277673
8.138627,15,838.454795
1.747473,5,838.941145
8.59362,17,840.292703
10.199077,17,841.669307
8.298465,17,843.056456
2.294575,5,843.529192
6.112631,12,844.5606
3.596476,9,845.381039
6.104543,14,846.537739
3.768134,9,847.270565
1.852098,6,847.769871
2.380193,5,848.255702
8.968212,17,849.636685
6.346258,13,850.721781
1.764808,6,851.288347
2.048675,5,851.752913
7.27144,15,852.943572
4.141883,9,853.703469
4.915905,11,854.652653
2.218552,6,855.205987
1.498191,5,855.718798
2.879244,8,856.411677
2.328696,8,857.088865
5.301578,13,858.189989
1.691904,6,858.736295
4.15191,8,859.486007
4.09955,8,860.190997
2.281919,7,860.805354
2.785882,6,861.373039
1.482067,5,861.811716
2.880739,8,862.534803
4.325363,11,863.522532
3.760768,9,864.339126
3.082487,8,865.021315
5.501197,11,865.968436
2.904541,9,866.738665
3.470332,8,867.425956
5.477076,11,868.302958
2.956631,9,869.101977
3.519555,10,869.95447
2.603527,7,870.57915
5.528284,12,871.537301
3.9124,9,872.235614
2.095207,6,872.726762
4.321442,9,873.487649
2.636206,6,874.020433
3.491901,11,874.87124
2.417787,7,875.522228
3.516567,10,876.302699
6.268761,13,877.420505
1.800541,6,878.007193
2.429648,8,878.721608
1.828669,6,879.321588
4.172057,12,880.277251
4.351376,11,881.130893
4.467089,9,881.956021
2.942098,8,882.702999
1.849821,7,883.369566
4.607755,11,884.327446
1.906028,7,884.969411
1.378418,5,885.518456
3.432926,9,886.274046
2.156898,8,887.002889
2.666871,9,887.786599
2.558625,7,888.414767
10.69187,18,889.886762
1.965333,6,890.376399
5.923717,15,891.619486
6.164369,13,892.686906
3.993866,7,893.27047
4.516805,9,893.990997
4.462457,10,894.817542
7.793677,14,895.999362
2.674485,8,896.738623
10.572871,20,898.32403
2.368487,8,899.042502
3.837499,10,899.936667
9.894035,18,901.376506
68.926212,102,910.35284
3.492448,10,911.17005
4.340173,11,912.100417
5.317715,10,912.981717
3.321201,9,913.809325
5.264193,9,914.651868
1.991377,8,915.357765
3.332731,9,916.20704
4.324423,10,917.086894
1.412282,5,917.588373
9.766862,16,919.000601
3.320064,8,919.718822
2.761196,6,920.325277
3.464688,9,921.163201
5.474351,13,922.303772
1.405058,5,922.756244
1.831895,7,923.409208
3.266351,8,924.134996
2.300426,8,924.840486
3.058068,8,925.619084
2.655333,8,926.306739
2.653672,7,926.912495
6.990882,14,928.017879
16.183355,28,930.253393
4.626529,11,931.150179
2.591479,6,931.697435
5.373751,13,932.792515
2.866104,8,933.540425
3.572207,11,934.503508
2.327906,7,935.13917
3.354891,8,935.801652
9.435996,18,937.269362
6.013371,12,938.300272
6.541103,18,939.783112
6.850701,13,940.857837
3.071448,9,941.667517
7.539336,15,942.87599
4.140758,8,943.682797
2.796999,8,944.417449
2.154232,8,945.171429
3.117093,8,945.874746
3.006777,8,946.596081
2.570545,7,947.271238
4.140156,12,948.323481
1.595848,5,948.802127
3.172038,7,949.436044
3.381754,9,950.185319
1.867739,7,950.803999
7.656874,16,952.202274
5.041328,13,953.28296
4.424979,13,954.364952
2.844255,8,955.084586
3.339485,8,955.850984
3.650823,8,956.53238
2.89782,8,957.217177
7.160286,14,958.384265
1.859752,7,958.993269
1.681664,6,959.498718
3.937642,11,960.419007
4.387947,11,961.358797
2.657141,8,962.099148
7.227691,14,963.21033
1.614063,5,963.707067
4.689844,11,964.654759
8.048847,14,965.867907
5.692364,11,966.795021
3.80863,10,967.684217
6.241105,13,968.820964
4.487923,10,969.651884
5.645737,11,970.650906
4.790531,12,971.702229
14.89182,26,973.798964
2.014188,8,974.500249
1.367383,5,974.956454
5.782913,10,975.81657
2.768698,8,976.584351
2.631208,7,977.197412
3.499636,8,977.898579
2.846058,7,978.581792
2.057085,7,979.186317
4.683648,7,979.869498
3.398293,7,980.544995
5.400176,9,981.400461
5.18822,11,982.311814
5.664056,13,983.41107
3.356435,6,983.92198
4.674953,10,984.797035
4.375,9,985.599446
4.557529,10,986.47106
1.55145,6,987.084521
3.495566,10,987.955282
3.472769,9,988.783585
7.391,17,990.165842
3.738302,10,991.069412
1.636796,5,991.531275
4.477716,10,992.349036
5.961544,12,993.325642
2.808732,7,993.976468
8.935136,20,995.580249
1.310986,5,996.066781
5.936822,15,997.405944
2.747007,7,998.065851
5.058415,14,999.232889
2.963484,8,999.939015
1.649908,6,1000.496357
4.359066,9,1001.231974
2.022432,7,1001.91617
12.542798,21,1003.631989
2.654955,8,1004.364968
7.443449,16,1005.798403
2.049526,7,1006.382219
5.746921,15,1007.681097
2.272927,8,1008.33405
2.235471,9,1009.148466
3.020489,10,1010.039702
2.008752,6,1010.598628
3.495818,10,1011.445781
7.758943,16,1012.810543
3.182481,8,1013.581535
1.873278,7,1014.201935
3.33594,10,1015.08602
6.430078,12,1016.139333
2.558376,7,1016.796027
2.235539,8,1017.513161
4.247368,10,1018.443208
5.138151,12,1019.452701
4.080317,10,1020.346669
4.045201,10,1021.225547
6.447437,15,1022.531461
13.382435,24,1024.531804
3.440094,9,1025.302823
2.347448,7,1025.935507
6.649637,10,1026.881245
2.445215,8,1027.629915
3.103952,8,1028.352324
3.758193,8,1029.129285
1.527269,5,1029.583898
6.92971,13,1030.653138
2.050796,8,1031.310153
2.05984,7,1031.929305
6.577287,15,1033.213832
3.040413,8,1033.931943
3.344616,10,1034.830432
11.853038,20,1036.479404
4.001918,9,1037.281107
5.016518,15,1038.481543
3.954509,9,1039.259122
1.599123,6,1039.846973
5.611947,12,1040.849477
2.904836,10,1041.698105
1.762631,6,1042.231482
1.721117,6,1042.764931
3.662698,11,1043.670278
5.9598,13,1044.661448
2.153147,8,1045.358896
4.001524,12,1046.345676
5.563737,12,1047.362221
3.778951,8,1048.0611
4.823557,12,1049.081738
9.437956,21,1050.764686
1.623867,5,1051.250188
3.189945,9,1052.045184
1.746212,6,1052.613792
2.368986,9,1053.447045
5.573528,10,1054.308096
3.025706,9,1055.105033
7.064677,15,1056.404824
7.48757,14,1057.580685
3.826082,11,1058.51638
1.956983,7,1059.144747
1.839834,7,1059.745904
1.507661,6,1060.309006
3.876514,12,1061.350396
8.944699,15,1062.560584
1.891701,6,1063.094877
5.414704,9,1063.823641
4.667322,13,1064.977167
2.795951,8,1065.63996
6.696877,13,1066.760885
2.368119,7,1067.418501
1.831428,7,1068.012058
3.933201,11,1068.950757
2.427824,6,1069.500147
2.161598,8,1070.217837
2.969856,9,1070.93452
6.139708,11,1071.874253
1.936767,6,1072.432564
3.425206,11,1073.316925
2.680606,10,1074.153756
1.447336,5,1074.628375
2.368217,6,1075.141611
8.044321,15,1076.428324
4.181192,9,1077.260455
3.816519,10,1078.112879
3.836276,11,1079.080052
4.76623,8,1080.570131
5.15575,12,1081.627457
2.576211,4,1082.001852
2.744243,7,1082.712735
4.871804,14,1083.870032
3.790937,8,1084.577597
5.376278,13,1085.660218
3.880791,10,1086.578719
3.725819,9,1087.359418
2.730444,9,1088.147625
3.280155,9,1088.946331
1.641498,6,1089.526843
2.094735,9,1090.377554
1.839608,8,1091.078745
6.80736,14,1092.311101
2.825937,8,1093.065963
6.007704,13,1094.199019
4.481598,9,1094.999213
5.781144,13,1096.08208
3.400636,10,1096.962861
8.463221,15,1098.18381
7.390104,16,1099.478402
3.598144,9,1100.226565
2.819892,9,1101.045123
4.2734,12,1102.059156
1.906425,7,1102.661365
1.447718,5,1103.111804
5.915424,15,1104.356521
7.126337,13,1105.425987
2.654487,8,1106.126838
2.563527,9,1106.895233
4.512747,12,1107.931269
10.512443,17,1109.327799
5.085055,11,1110.238437
2.064938,8,1110.965987
3.754831,11,1111.906773
5.536181,11,1112.893128
12.73908,28,1115.208871
1.749552,6,1115.727155
5.842155,12,1116.811473
2.374837,6,1117.394256
2.255203,8,1118.12756
3.720484,10,1119.026439
3.443217,9,1119.882648
4.98323,12,1120.945188
1.74836,7,1121.610894
2.497447,8,1122.328563
1.877511,7,1122.987629
5.700413,15,1124.225704
1.723496,7,1124.837551
5.232461,11,1125.799131
3.559509,8,1126.542215
5.390687,11,1127.434256
1.883852,7,1128.09215
3.973744,10,1128.975436
2.680498,8,1129.599035
2.400038,6,1130.176671
5.244086,11,1131.091452
4.493837,11,1131.992065
6.743014,14,1133.160058
3.165385,9,1133.908706
4.135564,11,1134.783827
4.644691,11,1135.676269
2.46297,9,1136.477099
2.38802,6,1137.07548
3.82641,11,1137.977018
3.430868,10,1138.827785
3.150832,8,1139.543239
8.412306,16,1140.81424
6.786893,14,1141.947716
8.328873,13,1143.009814
2.403026,9,1143.792244
3.466707,11,1144.713148
2.104305,8,1145.367171
12.168392,22,1147.048563
5.666783,12,1148.141044
10.809941,22,1149.978572
10.406547,17,1151.387501
3.273534,9,1152.190727
7.648055,16,1153.530128
1.907809,7,1154.180931
2.774712,8,1154.929355
2.442664,7,1155.587403
2.005852,7,1156.208639
6.369367,14,1157.396121
9.339097,19,1158.933068
3.218176,10,1159.776179
1.857028,6,1160.283064
5.907123,13,1161.356632
7.172079,15,1162.675267
5.12946,12,1163.688008
1.765319,7,1164.28983
1.478902,5,1164.78395
1.850485,7,1165.406549
3.33521,11,1166.327481
10.597311,21,1168.086716
2.910438,10,1169.013128
1.494694,5,1169.469294
8.458481,16,1170.773656
7.432767,15,1172.047677
3.632003,9,1172.827343
7.749666,16,1174.143308
1.730021,7,1174.744641
4.206936,8,1175.492399
6.305642,14,1176.708845
1.974363,6,1177.290506
2.250197,8,1177.986629
7.818185,14,1179.258863
4.502945,9,1180.064327
4.13442,12,1181.077136
9.809968,16,1182.408778
3.143059,8,1183.179434
6.585719,15,1184.441527
5.92625,13,1185.524554
3.091655,9,1186.300656
4.16177,11,1187.21545
6.972946,11,1188.214534
8.493217,16,1189.583947
1.800598,5,1190.08883
4.820546,11,1191.024746
2.220481,5,1191.515411
2.412284,9,1192.386225
4.124207,11,1193.407815
8.164781,15,1194.659156
4.644129,8,1195.398072
2.602597,7,1196.058482
5.820535,12,1197.112209
5.817409,13,1198.255841
2.753821,7,1198.874183
1.930469,7,1199.525899
5.04681,12,1200.548174
3.097953,9,1201.422707
7.563994,17,1202.855736
2.573882,8,1203.559001
3.149187,8,1204.24757
2.676021,7,1204.858042
3.928054,12,1205.82348
4.282115,10,1206.678351
3.997933,9,1207.489106
7.269929,17,1208.82513
3.014078,10,1209.622686
4.539838,10,1210.511643
2.679635,6,1211.089719
4.838341,10,1211.906541
3.783519,11,1212.794655
4.213944,10,1213.672799
3.706751,8,1214.408197
6.320285,13,1215.527182
4.623269,10,1216.380288
7.247873,13,1217.461071
4.425327,9,1218.288852
3.593299,9,1219.045605
10.523774,21,1220.692556
3.097722,9,1221.556265
4.329651,12,1222.605662
3.009113,10,1223.440088
4.247523,10,1224.308553
2.478389,6,1224.888219
1.690364,6,1225.474867
3.458897,9,1226.212372
2.631682,7,1226.813357
4.830017,12,1227.850662
2.822874,7,1228.481564
1.607403,6,1229.008593
9.17579,16,1230.323742
5.913329,12,1231.279441
1.795563,6,1231.84073
2.209274,6,1232.394451
2.587656,7,1233.056442
5.778479,12,1234.076055
3.954783,9,1234.894374
2.681018,8,1235.613511
5.41192,11,1236.517293
4.560742,11,1237.507455
5.468389,12,1238.526218
6.272444,10,1239.465802
3.756126,11,1240.441802
3.626233,12,1241.509037
3.850077,11,1242.441443
7.706465,15,1243.672577
3.395334,7,1244.341796
5.044275,11,1245.321896
2.126434,7,1245.93997
7.853406,14,1247.138212
2.071025,7,1247.8396
5.708714,15,1249.055317
3.665311,9,1249.788772
3.532232,10,1250.681434
1.687219,7,1251.354389
3.861704,9,1252.172518
6.006777,10,1253.138474
3.318577,8,1253.855142
3.000817,8,1254.58823
7.319312,16,1255.86093
1.641468,6,1256.399966
1.479985,6,1256.936362
1.296139,4,1257.354848
69.740914,102,1266.662265
3.677747,8,1267.41536
2.926277,9,1268.221808
6.069511,13,1269.399278
6.053235,12,1270.449094
3.171354,9,1271.263843
4.431112,10,1272.154337
7.933182,15,1273.477851
2.226916,7,1274.291742
4.991255,10,1275.137766
4.24279,9,1275.971191
5.200166,15,1277.254405
3.477796,11,1278.220626
6.497071,14,1279.501739
3.980329,9,1280.320676
6.563102,15,1281.622303
2.431934,7,1282.288268
9.834393,20,1283.987327
10.467631,18,1285.544134
7.675707,17,1287.09055
3.17339,10,1288.005816
4.214498,8,1288.770292
4.438024,10,1289.738894
7.264182,14,1290.998719
4.247246,11,1292.001807
3.670662,10,1292.886406
2.614389,8,1293.652182
1.994241,7,1294.309626
6.329529,13,1295.530619
2.087718,8,1296.271438
2.869311,9,1297.119457
6.761339,16,1298.559499
3.579942,10,1299.487585
2.160084,7,1300.168612
1.526825,5,1300.703493
2.0763,8,1301.485163
1.624608,7,1302.136001
7.833585,15,1303.472718
2.440348,8,1304.237679
5.260191,10,1305.143487
13.522674,26,1307.419873
1.887052,7,1308.107841
7.729576,14,1309.419442
13.123645,21,1311.26846
1.839823,7,1311.905194
4.049455,8,1312.641464
2.370077,6,1313.208532
7.637762,17,1314.737517
5.523873,12,1315.816814
7.726044,14,1317.108096
4.377958,10,1318.038638
4.94961,12,1319.138568
1.518254,6,1319.717716
2.751197,7,1320.404295
1.950925,7,1321.051909
5.178266,12,1322.150966
2.424343,7,1322.819482
6.492044,11,1323.772283
1.961646,7,1324.451699
7.523827,14,1325.715595
3.465357,10,1326.636642
4.64847,12,1327.736674
7.74622,17,1329.151546
7.573857,14,1330.468506
3.390417,9,1331.335728
7.802491,14,1332.619863
2.266009,8,1333.341396
3.850197,12,1334.483365
2.04252,7,1335.117699
2.732372,9,1335.955299
5.572971,11,1336.952304
4.087826,12,1338.025453
2.783973,9,1338.86376
1.814119,5,1339.341444
11.510039,21,1341.217428
1.83768,7,1341.917138
4.375594,11,1342.953784
4.978602,12,1343.991551
5.186187,12,1345.106663
4.961469,10,1346.083393
4.729565,11,1347.08476
12.93805,26,1349.386642
3.533034,10,1350.30081
2.180088,8,1350.968175
15.012156,28,1353.335747
3.218812,10,1354.251346
1.448755,6,1354.831603
5.525388,12,1355.871582
1.80681,7,1356.558338
4.774265,11,1357.547884
8.35678,14,1358.722485
3.586177,10,1359.703337
1.396848,5,1360.201622
2.486164,7,1360.885219
3.566049,6,1361.501649
4.191405,11,1362.431829
3.696762,9,1363.268654
5.521582,14,1364.496068
1.370655,4,1364.903539
5.867352,14,1366.031867
11.43483,20,1367.612708
5.203089,14,1368.74977
3.684846,10,1369.615989
4.128392,13,1370.694522
2.005716,6,1371.238803
6.445275,11,1372.139875
9.51273,15,1373.36646
4.042465,10,1374.249289
7.564082,12,1375.365985
5.340556,17,1376.826872
10.249085,19,1378.382516
1.576042,6,1378.933828
5.772461,15,1380.137619
4.389938,10,1380.988558
7.691226,19,1382.448673
2.475518,9,1383.205542
10.488546,21,1384.949177
8.253707,18,1386.366091
7.012854,14,1387.514314
7.531359,21,1389.2391
1.659844,6,1389.741045
2.913548,5,1390.248397
3.385527,9,1391.031078
1.614832,6,1391.593759
4.139278,12,1392.566015
2.086474,7,1393.155336
3.878937,10,1393.981861
2.244032,7,1394.552993
1.745513,7,1395.214647
8.676598,18,1396.598959
7.672424,15,1397.865095
4.622961,11,1398.750237
4.681524,14,1399.905024
8.235208,20,1401.491551
4.446798,14,1402.556195
4.586712,15,1403.68736
6.428144,15,1404.916664
7.24861,15,1406.166165
4.272873,13,1407.183019
6.782712,13,1408.159941
4.067121,11,1409.017052
2.872773,8,1409.730805
3.689993,11,1410.614954
3.438342,10,1411.437976
2.051295,7,1412.014282
3.225446,9,1412.696743
3.011648,10,1413.454048
2.438908,10,1414.233067
7.879884,17,1415.49763
14.029505,24,1417.216197
1.932407,7,1417.786442
4.965412,13,1418.796288
7.807972,18,1420.099855
6.197096,12,1421.039711
4.437231,13,1422.013834
4.873548,12,1422.953826
4.142044,12,1423.864441
5.280539,12,1424.746804
4.461443,11,1425.548536
10.646862,18,1426.897412
5.615644,15,1427.987589
11.784066,23,1429.647829
9.252171,20,1431.082867
10.312459,22,1432.729053
5.454884,14,1433.756724
68.195782,102,1441.763078
5.535064,15,1442.871968
2.723888,9,1443.579378
5.154335,13,1444.553201
2.860708,10,1445.302004
11.904464,20,1446.79847
7.520937,16,1447.968512
9.017143,15,1449.080858
4.946465,13,1450.012521
1.291389,4,1450.35198
6.643889,15,1451.4856
7.082628,15,1452.577226
2.238947,9,1453.245131
6.726392,17,1454.462352
9.751949,18,1455.763374
8.686653,20,1457.212272
9.710395,17,1458.444703
5.523149,15,1459.529057
9.037153,19,1460.904335
3.79287,9,1461.59809
6.823233,18,1462.888652
7.896598,19,1464.267797
5.171166,13,1465.22891
4.224323,11,1466.028778
4.183605,9,1466.704378
12.562206,24,1468.428449
4.580881,12,1469.386889
5.633381,14,1470.428025
8.670249,16,1471.62832
3.779041,12,1472.55156
8.061795,17,1473.799668
9.592699,20,1475.245756
7.070193,13,1476.228325
5.703097,16,1477.431035
3.449676,12,1478.335189
4.410693,13,1479.311039
2.65321,7,1479.861965
22.956408,38,1482.528746
6.245494,17,1483.794672
6.392777,17,1485.061332
2.820014,9,1485.746221
13.92711,24,1487.480797
16.945344,29,1489.55294
2.987679,8,1490.20013
2.730754,8,1490.845204
5.284765,16,1491.976815
8.945491,20,1493.42614
6.093092,14,1494.493845
9.369484,21,1495.995051
6.250268,14,1497.01143
1.511008,6,1497.496553
8.887189,18,1498.809204
7.667113,18,1500.130225
12.451499,25,1501.942268
1.677172,7,1502.495102
6.408502,16,1503.716536
6.005907,17,1505.010304
9.459294,20,1506.449413
14.422942,26,1508.292655
2.55265,9,1509.019929
5.410374,12,1509.919376
10.999702,19,1511.282992
4.653807,14,1512.343906
6.054334,13,1513.329174
7.702975,16,1514.515791
3.990147,10,1515.262266
22.86327,37,1517.90938
6.491006,16,1519.059241
3.787056,10,1519.843162
4.373843,11,1520.659104
1.906533,7,1521.203935
2.022913,7,1521.769377
5.134254,14,1522.860207
5.676874,16,1523.992289
2.998046,8,1524.626973
7.113856,15,1525.693253
3.13418,9,1526.368368
2.700182,10,1527.126196
7.037018,15,1528.243643
8.992064,17,1529.476473
6.846734,17,1530.709299
4.008751,8,1531.332156
11.58651,22,1532.941681
4.169741,10,1533.726595
4.170274,12,1534.625937
6.917632,14,1535.677742
4.912753,13,1536.625222
17.71335,33,1538.999066
7.464981,16,1540.24229
7.147089,19,1541.624511
1.932409,8,1542.248596
6.154267,16,1543.442275
4.936748,15,1544.565387
23.249714,38,1547.225463
6.307417,14,1548.232137
6.658226,14,1549.29718
3.243325,9,1549.965312
8.550846,20,1551.40857
6.261241,13,1552.392027
6.337534,16,1553.561071
5.349433,13,1554.548047
3.922994,10,1555.325095
13.646279,25,1557.107688
6.210475,15,1558.19181
3.899739,11,1559.031381
3.643904,12,1559.925035
4.67069,13,1560.882156
6.277893,14,1561.917697
10.120147,18,1563.257598
3.632422,11,1564.091639
7.203201,16,1565.309025
11.734971,25,1567.09197
2.472094,8,1567.708669
6.991601,14,1568.775966
2.43119,7,1569.359064
6.764386,14,1570.414521
15.940868,34,1572.783857
1.680357,7,1573.375718
2.723339,10,1574.141432
5.910626,15,1575.231669
4.921593,15,1576.341895
4.115066,12,1577.208257
4.328256,11,1577.997945
10.231624,18,1579.340985
3.916551,13,1580.292507
10.600173,23,1581.92389
3.706667,9,1582.599479
8.523624,15,1583.698985
3.469856,7,1584.2737
75.211001,102,1592.192657
5.979384,15,1593.324024
7.759624,18,1594.615938
11.972028,24,1596.354952
16.550548,30,1598.506353
4.803804,14,1599.512815
6.20397,18,1600.856196
2.591139,9,1601.540066
14.075938,29,1603.640444
5.989306,15,1604.722938
9.760338,21,1606.255577
9.475451,22,1607.806352
23.375174,43,1610.773698
6.244489,16,1611.924545
4.589426,13,1612.879338
12.982708,30,1615.023983
7.983127,18,1616.338935
5.731637,14,1617.37511
13.851749,29,1619.471739
11.898082,21,1620.955709
8.80438,21,1622.439167
3.644015,9,1623.1228
2.732633,8,1623.772092
4.639023,12,1624.640563
6.609904,16,1625.790717
5.338581,13,1626.725541
10.583892,21,1628.255975
10.153641,21,1629.739057
6.123929,14,1630.745333
13.106052,27,1632.671599
3.1003,9,1633.346266
11.10074,23,1634.989932
4.831523,13,1635.970409
4.053004,12,1636.952898
1.64898,5,1637.469193
9.443244,19,1639.021744
9.43996,18,1640.454562
3.07996,12,1641.406332
2.735851,8,1642.12331
3.77118,10,1642.956063
4.39232,17,1644.338562
8.522597,16,1645.562781
2.21433,10,1646.406276
3.918879,10,1647.220508
7.134187,17,1648.562352
2.777597,8,1649.278804
8.914448,19,1650.873807
4.908203,9,1651.653903
1.693093,6,1652.180316
4.479537,14,1653.373403
2.909934,11,1654.277318
1.597178,6,1654.822701
2.607248,9,1655.584956
7.388718,19,1657.188806
6.185972,16,1658.539721
1.894707,8,1659.260602
1.855974,7,1659.906765
12.552009,25,1661.930736
11.182879,22,1663.736865
1.452043,5,1664.236947
4.882604,12,1665.253931
6.754492,17,1666.671239
13.008576,26,1668.738127
7.435925,15,1670.021636
2.125529,7,1670.654502
1.607004,7,1671.305634
7.703786,16,1672.639962
10.222158,23,1674.436623
8.466036,16,1675.693086
3.173857,9,1676.486416
6.72694,17,1677.755669
8.577402,18,1679.12202
4.999205,13,1680.143688
7.096018,15,1681.293146
6.868306,15,1682.412228
1.670576,7,1683.026261
4.653076,11,1683.884484
3.23664,7,1684.485762
3.968601,11,1685.473232
13.267085,23,1687.223473
3.859439,11,1688.170194
10.160322,19,1689.687656
7.494478,15,1690.903779
8.643545,17,1692.256993
8.616818,18,1693.669285
1.797603,6,1694.223124
9.7243,19,1695.775084
2.038879,8,1696.50326
8.270525,15,1697.751612
3.3563,11,1698.674348
4.691096,11,1699.690642
3.416327,11,1700.689532
2.983302,10,1701.552421
7.116687,15,1702.810806
2.256732,9,1703.56857
1.876029,7,1704.245886
2.422187,6,1704.815294
10.238852,20,1706.482052
5.364351,13,1707.551683
2.390866,9,1708.311007
3.727011,9,1709.087122
3.30705,10,1709.94501
3.17923,11,1710.886299
2.973766,9,1711.619669
3.057838,9,1712.390954
3.783222,11,1713.226075
5.652924,12,1714.235183
3.692582,11,1715.120495
7.543755,19,1716.647504
10.420182,23,1718.552977
5.525277,13,1719.604182
6.863819,16,1720.851013
7.642746,14,1722.027012
9.873462,19,1723.602199
12.541336,23,1725.421732
3.484556,11,1726.374987
15.328696,26,1728.49824
9.737196,22,1730.293557
2.920073,9,1731.104201
2.968646,9,1731.852502
6.150557,15,1733.070719
7.186155,14,1734.286781
8.056846,16,1735.619169
3.557911,10,1736.486361
3.868684,9,1737.268039
4.011715,11,1738.170807
9.468436,17,1739.57587
1.748509,7,1740.202257
2.778441,10,1741.103166
3.527663,10,1741.963058
8.805982,18,1743.551347
5.500734,13,1744.737031
8.180751,16,1746.101509
5.143605,11,1747.051162
5.885259,15,1748.325165
